time,question,response,response_time_seconds
2026-04-21 16:46:17,小米智能音箱多少钱？,小米智能音箱 的价格是 199 元。,0.0001
2026-04-21 16:46:22,订单 O1001 到哪了？,"订单 O1001 当前状态为：已发货。
商品：小米智能音箱，支付金额：199 元。
物流公司：顺丰，物流单号：SF123456。
物流状态：运输中。",0.0001
2026-04-21 16:46:27,篮球多少钱？,抱歉，我们目前主要经营智能家居类商品，暂不支持该类商品查询。,0.0
2026-04-21 16:46:34,帮我查一下张三的手机号,抱歉，涉及隐私信息的问题我无法处理。,0.0
2026-04-21 23:19:00,小米智能音箱多少钱？,小米智能音箱 的价格是 199 元。,17.4982
2026-04-21 23:21:01,订单 O1001 到哪了？,"订单 O1001 当前状态为：已发货。
商品：小米智能音箱，支付金额：199 元。
物流公司：顺丰，物流单号：SF123456。
物流状态：运输中。",8.6637
2026-04-21 23:21:34,你好,您好，我是智能客服助手，请问有什么可以帮您？,9.7364
2026-04-22 09:58:16,华为门铃还有货吗？可以退货吗？,"华为智能门铃 当前库存为 15 件。
根据我们的售后政策：
1. 未拆封商品支持 7 天无理由退货。
2. 已拆封但无质量问题的商品，不支持无理由退货。",21.4677
2026-04-22 10:06:10,华为门铃还有货吗？可以退货吗？,"华为智能门铃 当前库存为 15 件。
根据我们的售后政策：
1. 未拆封商品支持 7 天无理由退货。
2. 已拆封但无质量问题的商品，不支持无理由退货。",17.8973
2026-04-22 10:09:36,华为门铃还有货吗？可以退货吗？,"华为智能门铃 当前库存为 15 件。
根据我们的售后政策：
1. 未拆封商品支持 7 天无理由退货。
2. 已拆封但无质量问题的商品，不支持无理由退货。",3.314
2026-04-22 10:13:25,华为门铃还有货吗？可以退货吗？,"华为智能门铃 当前库存为 15 件。
根据我们的售后政策：
1. 未拆封商品支持 7 天无理由退货。
2. 已拆封但无质量问题的商品，不支持无理由退货。",3.1328
2026-04-22 10:13:30,坏了咋办,抱歉，我目前只能处理智能家居商品、订单物流和售后政策相关问题。,0.0
2026-04-22 10:13:41,这个贵吗,抱歉，我目前只能处理智能家居商品、订单物流和售后政策相关问题。,0.0
2026-04-22 10:21:08,华为门铃还有货吗？可以退货吗？,"华为智能门铃 当前库存为 15 件。
根据我们的售后政策：
1. 未拆封商品支持 7 天无理由退货。
2. 已拆封但无质量问题的商品，不支持无理由退货。",0.0
2026-04-22 10:21:13,坏了咋办,抱歉，我目前只能处理智能家居商品、订单物流和售后政策相关问题。,0.0
2026-04-22 10:21:19,这个贵吗,抱歉，我目前只能处理智能家居商品、订单物流和售后政策相关问题。,0.0
2026-04-22 10:31:23,"python -u ""d:\customer_service_agent\main_v06.py""",抱歉，我目前只能处理智能家居商品、订单物流和售后政策相关问题。,0.0
2026-04-22 10:31:43,坏了咋办,"根据我们的售后政策：
1. 未拆封商品支持 7 天无理由退货。
2. 已拆封但无质量问题的商品，不支持无理由退货。
3. 如果商品存在质量问题，支持 15 天内换货。
4. 人为损坏不在保修范围内。
5. 智能家居类商品保修期为 1 年。",5.2498
2026-04-22 10:31:48,这个贵吗,请问您想查询哪一款商品的价格？,2.7211
2026-04-22 10:32:55,坏了咋办,"根据我们的售后政策：
1. 未拆封商品支持 7 天无理由退货。
2. 已拆封但无质量问题的商品，不支持无理由退货。
3. 如果商品存在质量问题，支持 15 天内换货。
4. 人为损坏不在保修范围内。
5. 智能家居类商品保修期为 1 年。",17.4487
2026-04-22 10:33:09,坏了咋办,"根据我们的售后政策：
1. 未拆封商品支持 7 天无理由退货。
2. 已拆封但无质量问题的商品，不支持无理由退货。
3. 如果商品存在质量问题，支持 15 天内换货。
4. 人为损坏不在保修范围内。
5. 智能家居类商品保修期为 1 年。",0.0015
2026-04-22 10:33:16,这个贵吗,请问您想查询哪一款商品的价格？,0.0
2026-04-22 15:18:22,小米智能音箱多少钱？,小米智能音箱 的价格是 199 元。,0.0
2026-04-22 15:18:31,还有库存吗？,小米智能音箱 当前库存为 32 件。,0.0
2026-04-22 15:18:42,订单 O1001 到哪了？,"订单 O1001 当前状态为：已发货。
商品：小米智能音箱，支付金额：199 元。
物流公司：顺丰，物流单号：SF123456。
物流状态：运输中。",0.0
2026-04-22 15:19:14,小米智能音箱多少钱？,小米智能音箱 的价格是 199 元。,0.0
2026-04-22 15:19:19,还有库存吗？,小米智能音箱 当前库存为 32 件。,0.0
2026-04-22 15:19:26,订单 O1001 到哪了？,"订单 O1001 当前状态为：已发货。
商品：小米智能音箱，支付金额：199 元。
物流公司：顺丰，物流单号：SF123456。
物流状态：运输中。",0.0
2026-04-22 15:19:32,现在物流呢？,"订单 O1001 当前状态为：已发货。
商品：小米智能音箱，支付金额：199 元。
物流公司：顺丰，物流单号：SF123456。
物流状态：运输中。",0.0
2026-04-22 15:20:10,还有库存吗？,请问您想查询哪一款商品的库存？,0.0
2026-04-22 15:42:28,订单 O1001 到哪了？,您好，您的订单 O1001 已发货，目前由顺丰承运，物流单号是 SF123456，商品为小米智能音箱，正在运输中。您可通过顺丰官网或APP输入单号实时查询物流进度哦～,15.9956
2026-04-22 16:04:40,订单 O1001 到哪了？,您好，您的订单 O1001 已发货，目前由顺丰承运，物流单号是 SF123456，商品为小米智能音箱，正在运输中。您可通过顺丰官网或APP输入单号实时查询物流进度哦～,10.9579
2026-04-22 16:05:23,订单 O1001 到哪了？,"订单 O1001 当前状态为：已发货。
商品：小米智能音箱，支付金额：199 元。
物流公司：顺丰，物流单号：SF123456。
物流状态：运输中。",17.2088
2026-04-22 16:05:42,订单 O1001 到哪了？,您好，您的订单 O1001 已发货，目前由顺丰承运，物流单号是 SF123456，商品为小米智能音箱，正在运输中。您可通过顺丰官网或APP输入单号实时查询物流进度哦～,10.8087
2026-04-22 16:07:19,订单 O1001 到哪了？,您好，您的订单 O1001 已发货，目前由顺丰承运，物流单号是 SF123456，商品为小米智能音箱，正在运输中。您可通过顺丰官网或APP输入单号实时查询物流进度哦～,4.4597
2026-04-22 16:07:23,订单 O1001 到哪了？,您好，您的订单 O1001 已发货，目前由顺丰承运，物流单号是 SF123456，商品为小米智能音箱，正在运输中。您可通过顺丰官网或APP输入单号实时查询物流进度哦～,0.0
2026-04-22 16:29:52,"python -u ""d:\customer_service_agent\main_v06.py""",抱歉，我目前只能处理智能家居商品、订单物流和售后政策相关问题。,0.001
2026-04-22 16:30:07,小米智能音箱多少钱？订单 O1001 到哪了？可以退货吗？,"小米智能音箱 的价格是 199 元。
您好，您订购的小米智能音箱价格是199元。订单O1001目前已发货，由顺丰承运（单号：SF123456），当前物流状态为“运输中”，您可在顺丰官网或APP实时查询物流进度。关于退货，商品如未拆封且符合七天无理由退货条件，支持退货；如有其他特殊情况，欢迎随时联系我们协助处理～
根据我们的售后政策：
1. 未拆封商品支持 7 天无理由退货。
2. 已拆封但无质量问题的商品，不支持无理由退货。",4.7651
2026-04-22 16:46:14,"python -u ""d:\customer_service_agent\main_v06.py""",抱歉，我目前只能处理智能家居商品、订单物流和售后政策相关问题。,0.0013
2026-04-22 16:46:36,小米智能音箱多少钱？订单 O1001 到哪了？可以退货吗？,"小米智能音箱 的价格是 199 元。
订单 O1001 已发货，当前物流状态为运输中，由顺丰承运，物流单号是 SF123456。  
关于价格和退货问题，当前任务仅支持查询订单、物流、发货、签收相关信息，无法提供价格及售后政策说明。
根据我们的售后政策：
1. 未拆封商品支持 7 天无理由退货。
2. 已拆封但无质量问题的商品，不支持无理由退货。",10.8789
2026-04-22 17:11:49,小米智能音箱多少钱？订单 O1001 到哪了？可以退货吗？,"小米智能音箱 的价格是 199 元。
订单 O1001 已发货，商品为小米智能音箱，由顺丰承运，物流单号 SF123456，当前状态为运输中。
根据我们的售后政策：
1. 未拆封商品支持 7 天无理由退货。
2. 已拆封但无质量问题的商品，不支持无理由退货。",16.0556
2026-04-22 21:15:25,订单 O1001 到哪了？,订单 O1001 已发货，当前物流状态为运输中，由顺丰承运，物流单号是 SF123456。,29.8899
2026-04-22 21:15:30,那现在呢？,抱歉，我目前只能处理智能家居商品、订单物流和售后政策相关问题。,0.0
2026-04-22 21:15:43,可以退货吗？,"根据我们的售后政策：
1. 未拆封商品支持 7 天无理由退货。
2. 已拆封但无质量问题的商品，不支持无理由退货。",0.0001
2026-04-22 21:15:48,那换货呢？,"根据我们的售后政策：
2. 已拆封但无质量问题的商品，不支持无理由退货。
3. 如果商品存在质量问题，支持 15 天内换货。",0.0001
2026-04-22 21:15:54,小米智能音箱多少钱？,小米智能音箱 的价格是 199 元。,0.0001
2026-04-22 21:16:01,这个呢？,抱歉，我目前只能处理智能家居商品、订单物流和售后政策相关问题。,0.0
2026-04-22 21:17:00,订单 O1001 到哪了？,订单 O1001 已发货，当前物流状态为运输中，由顺丰承运，物流单号是 SF123456。,5.7914
2026-04-22 21:17:10,那现在呢？,抱歉，我目前只能处理智能家居商品、订单物流和售后政策相关问题。,0.0
2026-04-22 21:18:31,那现在呢？,抱歉，我目前只能处理智能家居商品、订单物流和售后政策相关问题。,0.0
2026-04-22 21:18:37,这个呢？,抱歉，我目前只能处理智能家居商品、订单物流和售后政策相关问题。,0.0
2026-04-22 21:19:03,可以退货吗？,"根据我们的售后政策：
1. 未拆封商品支持 7 天无理由退货。
2. 已拆封但无质量问题的商品，不支持无理由退货。",0.0
2026-04-22 21:19:09,那换货呢？,"根据我们的售后政策：
2. 已拆封但无质量问题的商品，不支持无理由退货。
3. 如果商品存在质量问题，支持 15 天内换货。",0.0
2026-04-22 21:25:39,订单 O1001 到哪了？,订单 O1001 已发货，当前物流状态为运输中，由顺丰承运，物流单号是 SF123456。,17.4952
2026-04-22 21:25:51,那现在呢？,您的订单（O1001）已发货，当前物流状态为“运输中”，由顺丰承运，单号是SF123456。,9.9089
2026-04-22 21:26:05,可以退货吗？,"根据我们的售后政策：
1. 未拆封商品支持 7 天无理由退货。
2. 已拆封但无质量问题的商品，不支持无理由退货。",0.0
2026-04-22 21:26:11,那换货呢？,"根据我们的售后政策：
2. 已拆封但无质量问题的商品，不支持无理由退货。
3. 如果商品存在质量问题，支持 15 天内换货。",0.0
2026-04-22 21:26:16,小米智能音箱多少钱？,小米智能音箱 的价格是 199 元。,0.0
2026-04-22 21:26:21,这个呢？,小米智能音箱 的价格是 199 元。,0.001
2026-04-22 21:40:01,订单 O1001 到哪了？,订单 O1001 已发货，当前物流状态为运输中，由顺丰承运，物流单号是 SF123456。,15.9104
2026-04-22 21:59:44,订单 O1001 到哪了？,订单 O1001 已发货，当前物流状态为运输中，由顺丰承运，物流单号是 SF123456。,15.8631
2026-04-22 21:59:53,小米智能音箱多少钱？订单 O1001 到哪了？可以退货吗？,"小米智能音箱 的价格是 199 元。
订单 O1001 已发货，商品为小米智能音箱，由顺丰承运，物流单号 SF123456，当前状态为运输中。
根据我们的售后政策：
1. 未拆封商品支持 7 天无理由退货。
2. 已拆封但无质量问题的商品，不支持无理由退货。",4.6651
2026-04-22 22:00:54,肥猪是傻逼,"小米智能音箱 的价格是 199 元。
您的订单 O1001 已发货，商品为小米智能音箱，支付金额 199 元，由顺丰承运，物流单号 SF123456，当前物流状态为运输中。
根据我们的售后政策：
1. 未拆封商品支持 7 天无理由退货。
2. 已拆封但无质量问题的商品，不支持无理由退货。
3. 如果商品存在质量问题，支持 15 天内换货。
4. 人为损坏不在保修范围内。
5. 智能家居类商品保修期为 1 年。",9.559
2026-04-22 22:06:30,小米智能音箱多少钱？订单 O1001 到哪了？可以退货吗？,"小米智能音箱 的价格是 199 元。
订单 O1001 当前状态为：已发货。
商品：小米智能音箱，支付金额：199 元。
物流公司：顺丰，物流单号：SF123456。
物流状态：运输中。
根据我们的售后政策：
1. 未拆封商品支持 7 天无理由退货。
2. 已拆封但无质量问题的商品，不支持无理由退货。",17.527
2026-04-22 22:52:49,小米智能音箱多少钱？订单 O1001 到哪了？可以退货吗？,"小米智能音箱 的价格是 199 元。
订单 O1001 当前状态为：已发货。
商品：小米智能音箱，支付金额：199 元。
物流公司：顺丰，物流单号：SF123456。
物流状态：运输中。
根据我们的售后政策：
1. 未拆封商品支持 7 天无理由退货。
2. 已拆封但无质量问题的商品，不支持无理由退货。",17.8875
2026-04-22 23:08:37,小米智能音箱多少钱？订单 O1001 到哪了？可以退货吗？,"小米智能音箱 的价格是 199 元。
订单 O1001 当前状态为：已发货。
商品：小米智能音箱，支付金额：199 元。
物流公司：顺丰，物流单号：SF123456。
物流状态：运输中。
根据我们的售后政策：
1. 未拆封商品支持 7 天无理由退货。
2. 已拆封但无质量问题的商品，不支持无理由退货。",17.5348
2026-04-23 13:41:19,python main_v06.py,抱歉，我目前只能处理智能家居商品、订单物流和售后政策相关问题。,0.0
2026-04-23 13:41:50,小米智能音箱多少钱？订单 O1001 到哪了？可以退货吗？,"小米智能音箱 的价格是 199 元。
订单 O1001 当前状态为：已发货。
商品：小米智能音箱，支付金额：199 元。
物流公司：顺丰，物流单号：SF123456。
物流状态：运输中。
根据我们的售后政策：
1. 未拆封商品支持 7 天无理由退货。
2. 已拆封但无质量问题的商品，不支持无理由退货。",17.691
2026-04-23 14:36:52,这个商品能不能退,抱歉，我目前只能处理智能家居商品、订单物流和售后政策相关问题。,0.0
2026-04-23 14:37:01,坏了怎么办,"根据我们的售后政策：
4. 人为损坏不在保修范围内。
售后政策：
1. 未拆封商品支持 7 天无理由退货。",0.002
2026-04-23 14:37:09,可以换吗,"根据我们的售后政策：
3. 如果商品存在质量问题，支持 15 天内换货。
售后政策：
1. 未拆封商品支持 7 天无理由退货。",0.003
2026-04-23 14:42:26,这个商品能不能退,抱歉，我暂时没有理解您的问题。您可以问我商品价格、库存、订单或售后政策。,0.001
2026-04-23 14:42:35,坏了怎么办,"根据我们的售后政策：
4. 人为损坏不在保修范围内。
1. 未拆封商品支持 7 天无理由退货。",0.001
2026-04-23 14:42:41,可以换吗,"根据我们的售后政策：
3. 如果商品存在质量问题，支持 15 天内换货。
1. 未拆封商品支持 7 天无理由退货。",0.0015
2026-04-23 14:48:36,这个商品能不能退,"根据我们的售后政策：
2. 已拆封但无质量问题的商品，不支持无理由退货。
1. 未拆封商品支持 7 天无理由退货。",0.0015
2026-04-23 14:48:47,坏了怎么办,"根据我们的售后政策：
4. 人为损坏不在保修范围内。
2. 已拆封但无质量问题的商品，不支持无理由退货。",0.002
2026-04-23 14:48:52,可以换吗,"根据我们的售后政策：
3. 如果商品存在质量问题，支持 15 天内换货。
2. 已拆封但无质量问题的商品，不支持无理由退货。",0.001
2026-04-23 21:06:47,小米智能音箱多少钱？,小米智能音箱 的价格是 199 元。,0.0026
2026-04-23 21:06:53,米家摄像头库存多少？,米家摄像头 当前库存为 48 件。,0.0024
2026-04-23 21:07:15,订单 O1001 到哪了？,订单 O1001 已发货，当前物流状态为运输中，由顺丰承运，物流单号是 SF123456。,17.2166
2026-04-23 21:07:31,帮我查一下 O1003 的物流,您的订单 O1003 已签收，商品为米家摄像头，由京东物流承运，物流单号为 JD987654。,3.2311
2026-04-23 21:12:53,小米智能音箱多少钱？,小米智能音箱 的价格是 199 元。,0.0038
2026-04-23 21:12:58,米家摄像头库存多少？,米家摄像头 当前库存为 48 件。,0.002
2026-04-23 21:13:08,订单 O1001 到哪了？,订单 O1001 已发货，当前物流状态为运输中，由顺丰承运，物流单号是 SF123456。,4.9738
2026-04-23 21:13:14,帮我查一下 O1003 的物流,您的订单 O1003 已签收，商品为米家摄像头，由京东物流承运，物流单号为 JD987654。,3.162
2026-04-23 21:25:55,你好,您好，我是智能客服助手，请问有什么可以帮您？,0.001
2026-04-23 21:26:04,今天天气怎么样？,您好，我是智能客服助手，请问有什么可以帮您？,0.001
2026-04-23 21:26:19,小米智能音箱多少钱？订单 O1001 到哪了？可以退货吗？,"小米智能音箱 的价格是 199 元。
订单 O1001 已发货，商品为小米智能音箱，由顺丰承运，物流单号 SF123456，当前状态为运输中。
根据我们的售后政策：
1. 未拆封商品支持 7 天无理由退货。
2. 已拆封但无质量问题的商品，不支持无理由退货。",10.0075
2026-04-23 21:30:31,你好,您好，我是智能客服助手，请问有什么可以帮您？,0.0113
2026-04-23 21:30:35,今天天气怎么样？,抱歉，我目前只能处理智能家居商品、订单物流和售后政策相关问题。,0.001
2026-04-23 21:31:00,订单 O1001 到哪了？,"订单 O1001 当前状态为：已发货。
商品：小米智能音箱，支付金额：199 元。
物流公司：顺丰，物流单号：SF123456。
物流状态：运输中。",17.8912
2026-04-23 21:31:05,那现在呢？,您的订单（O1001）已发货，当前物流状态为“运输中”，由顺丰承运，物流单号是SF123456。,3.4014
2026-04-23 21:31:07,小米智能音箱多少钱？,小米智能音箱 的价格是 199 元。,0.0043
2026-04-23 21:31:12,这个呢？,小米智能音箱 的价格是 199 元。,0.0031
2026-04-23 21:46:08,你好,您好，我是智能客服助手，请问有什么可以帮您？,0.0
2026-04-23 21:46:13,今天天气怎么样？,抱歉，我目前只能处理智能家居商品、订单物流和售后政策相关问题。,0.0
2026-04-23 21:46:40,小米智能音箱多少钱？订单 O1001 到哪了？可以退货吗？,"小米智能音箱 的价格是 199 元。
订单 O1001 当前状态为：已发货。
商品：小米智能音箱，支付金额：199 元。
物流公司：顺丰，物流单号：SF123456。
物流状态：运输中。
根据我们的售后政策：
1. 未拆封商品支持 7 天无理由退货。
2. 已拆封但无质量问题的商品，不支持无理由退货。",20.9794
2026-04-23 21:53:47,小米智能音箱多少钱？订单 O1001 到哪了？可以退货吗？,"小米智能音箱 的价格是 199 元。
订单 O1001 已发货，商品为小米智能音箱，由顺丰承运，物流单号 SF123456，当前状态为运输中。
根据我们的售后政策：
1. 未拆封商品支持 7 天无理由退货。
2. 已拆封但无质量问题的商品，不支持无理由退货。",8.5341
2026-04-23 21:53:49,小米智能音箱多少钱？订单 O1001 到哪了？可以退货吗？,"小米智能音箱 的价格是 199 元。
订单 O1001 已发货，商品为小米智能音箱，由顺丰承运，物流单号 SF123456，当前状态为运输中。
根据我们的售后政策：
1. 未拆封商品支持 7 天无理由退货。
2. 已拆封但无质量问题的商品，不支持无理由退货。",0.006
2026-04-24 17:08:18,这个商品能不能退,"要看商品是否拆封：  
- 如果还没拆封，支持7天无理由退货；  
- 如果已经拆封，但没有质量问题，就不支持退货。  
你可以告诉我商品现在是拆封状态吗？我帮你确认～",7.9388
2026-04-24 17:08:34,坏了怎么办,"请问是商品出现质量问题，还是人为损坏？  
如果是质量问题，15天内可以换货；  
如果是人为损坏，就不在保修范围内了。",11.4248
2026-04-24 17:09:11,可以换吗,"根据我们的售后政策：
2. 已拆封但无质量问题的商品，不支持无理由退货。
3. 如果商品存在质量问题，支持 15 天内换货。
5. 智能家居类商品保修期为 1 年。",33.1894
2026-04-24 17:09:40,小米智能音箱多少钱？订单 O1001 到哪了？可以退货吗？,"小米智能音箱 的价格是 199 元。
订单 O1001 已发货，商品为小米智能音箱，由顺丰承运，物流单号 SF123456，当前状态为运输中。
根据我们的售后政策：
2. 已拆封但无质量问题的商品，不支持无理由退货。
1. 未拆封商品支持 7 天无理由退货。
5. 智能家居类商品保修期为 1 年。",27.4859
2026-04-24 17:18:02,可以换吗,"要看具体情况：  
- 如果是质量问题，15天内可以换货；  
- 如果只是拆封了但没质量问题，不支持无理由换货。",12.0739
2026-04-24 17:18:06,可以换吗,"要看具体情况：  
- 如果是质量问题，15天内可以换货；  
- 如果只是拆封了但没质量问题，不支持无理由换货。",0.0147
